Software Engineer,Fidelity TalentSource,"Durham, NC",https://job-openings.monster.com/software-engineer-durham-nc-us-fidelity-talentsource/8fa91953-91d8-4d65-a697-cfb5982afd4a
Cloud Engineer,Next Media,"Durham, NC",https://job-openings.monster.com/cloud-engineer-durham-nc-us-next-media/218288531
Senior Java Developer,CyberCoders,"Durham, NC",https://job-openings.monster.com/senior-java-developer-durham-nc-us-cybercoders/218393847
Software Engineer,Apex Systems,"Raleigh, NC",https://job-openings.monster.com/software-engineer-raleigh-nc-us-apex-systems/218196240
Software Development Engineer in Test (SDET),Diversant LLC,"Minnetonka, NC",https://job-openings.monster.com/software-development-engineer-in-test-sdet-minnetonka-nc-us-diversant-llc/217920508
Lead Games Developer,CTG,"Raleigh, NC",https://job-openings.monster.com/lead-games-developer-raleigh-nc-us-ctg/218243556
Junior Software Engineer,"EDI Specialists, Inc.","Durham, NC",https://job-openings.monster.com/junior-software-engineer-durham-nc-us-edi-specialists-inc/218159418
Jr. Java Developer,Virtusa,"Durham, NC",https://job-openings.monster.com/jr-java-developer-durham-nc-us-virtusa/215702208
Cloud Development Engineer,Eliassen Group,"Cary, NC",https://job-openings.monster.com/cloud-development-engineer-cary-nc-us-eliassen-group/218390073
Web Programmer,Softthink Solutions Inc,"Raleigh, NC",https://job-openings.monster.com/web-programmer-raleigh-nc-us-softthink-solutions-inc/217353563
Software Design Engineer in Test,TPA technologies,,https://job-openings.monster.com/software-design-engineer-in-test-us-tpa-technologies/218217997
IIB / Message Broker and Java Developer,Ciber Global,"Durham, NC",https://job-openings.monster.com/iib-message-broker-java-developer-durham-nc-us-ciber-global/218263749
Data Developer,Net 2 Source,"Durham, NC",https://job-openings.monster.com/data-developer-durham-nc-us-net-2-source/217921329
Software Development Engineer (.Net/C#),The Judge Group,"Raleigh, NC",https://job-openings.monster.com/software-development-engineer-net-c-raleigh-nc-us-the-judge-group/218068601
Junior Software Engineer,Eclaro,"Durham, NC",https://job-openings.monster.com/junior-software-engineer-durham-nc-us-eclaro/218166391
Software Engineer - .NET,Piper Companies,"Morrisville, NC",https://job-openings.monster.com/software-engineer-net-morrisville-nc-us-piper-companies/218119345
Cybersecurity Software Engineer,Randstad Technologies,"Raleigh, NC",https://job-openings.monster.com/cybersecurity-software-engineer-raleigh-nc-us-randstad-technologies/218127878
FHIR JAVA Software Engineer,Collabera,"Raleigh, NC",https://job-openings.monster.com/fhir-java-software-engineer-raleigh-nc-us-collabera/218281937
Principal Engineer/Architect - Full Stack Java,Reperio Human Capital,"Cary, NC",https://job-openings.monster.com/principal-engineer-architect-full-stack-java-cary-nc-us-reperio-human-capital/218377346
Big Data Developer,Hooks HR Consulting,"Durham, NC",https://job-openings.monster.com/big-data-developer-durham-nc-us-hooks-hr-consulting/6a0d9db5-e43a-43a6-bd2f-dc0a6240c44c
Java Developer,Mastech Digital,"Durham, NC",https://job-openings.monster.com/java-developer-durham-nc-us-mastech-digital/218219734
FullStack Python Developer,Company Confidential,"Raleigh, NC",https://job-openings.monster.com/fullstack-python-developer-raleigh-nc-us/217970363
Mobile Developer: Positions in Raleigh and Atlanta,Accentuate Staffing,"Raleigh, NC",https://job-openings.monster.com/mobile-developer-positions-in-raleigh-atlanta-raleigh-nc-us-accentuate-staffing/310fcd0e-fe19-4637-919f-9f7d8713e537
"Data Engineer (Spark, Python, Java, NOSQL)",Disys - McLean,"Raleigh, NC",https://job-openings.monster.com/data-engineer-spark-python-java-nosql-raleigh-nc-us-disys-mclean/218067985
Android Engineer (Kotlin / Java),Hays,"Durham, NC",https://job-openings.monster.com/android-engineer-kotlin-java-durham-nc-us-hays/218159935
Sr Java Developer (Remote),Nava Software Solutions LLC,"Morrisville, NC",https://job-openings.monster.com/sr-java-developer-remote-morrisville-nc-us-nava-software-solutions-llc/217944567
Software Engineer,TSI Healthcare,,https://www.indeed.com/viewjob/clk?mo=r&ad=-6NYlbfkN0DSTd3QUyhKsdv0gyioWqiqOWuvLOcAKSSFG5k4qIBdPfHBQVo-WjzANETG5jZl4tLEh6h8HB6Tpml7T-FhX3QOM0WOJ8sNGhiRvKYGMwJAiU66WgIjSpgLvrDaIwNIADRhgmFx6rZb_inzjHwGf6oggwmP8LoTEMiAwUNI0sP_jYwNuXRgFEQ4z11S-25DL7h4aN1OsyzG1LIIxfgXVA-ZyEuSgD3EOjfNGdHi-OqdbZju2_F0FVyUjtVeVQeHCmNuKjGBlkfLTCLO00t3D6j1_aYaPLvGjEnzndgxaEMeLieR9o2QFfCkbF-CgZIxSiWPq6TP2pWNXSvE-KXpqgfwlCkrJAESgRrMEwdcl_7ftuSMqDoeYTmZklQazNRXV-ui9jZtFiDOKlfZaQuP9DUBfzpFJ76x1DTzMDVvm_Fk_SsQqu2HOLqMnS59WOkN9Z9ys8gbaX1WB6MrcoRqPuiAEPLdIuEEX-hfM4VIVUqRpeiPfUcedQ-U7BJmfTGgINQCLwWwYjanPEi3gxsi2EktUwUzKmwjjqo=&p=0&fvj=0&vjs=3
Entry-Level CSS/HTML/JS Developer (No BA Required!),Merit America,,https://www.indeed.com/viewjob/clk?mo=r&ad=-6NYlbfkN0BHFztfH3Ui3NBmVPhxZP-gT29DSziW97b4pEUSGPaNY_fgz2hCwWWIIqdPkq1Xa5SVjqN3JOpZPFJdRB-f6MOj90XK-suJ1PDAeDc4lSGD-RzTxkUPWhoNrsMXU3b216XQJ6iwioQp8ZJXPdKR1KkgFPKzT0T8rY0Ye8mxBAjuXvwgXqHDpJVpb7nUdNWGoeYFaxkQv_Opnxiij4I3-6mLEBoDjrsucuxZ2UhNB9gsNNaHhsjFsvWLoEDpr4oO2U3Iol5mSs3Jn1u_Jo7_GKj1vi6Vgthyvac2ECnsLDr6RJE4w6dnl4g7DMbtQJEbrQBtQtacbL56D3soZsmrtY7f6vwk3PsDsDMFE2gSpswmXE_kdEGnkldyvCCJEXJYYS41wFylorL1jKm9liaVyKKWHqH9ypq2-BokQ-ePPMfefem2bgvMebUllbkVwvpAob6nDNIBWmUFGrH9Ap65x4AGY7_6fUSsl5c0Ckc8qJsSLDYPOWjgKdOX&p=1&fvj=1&vjs=3
Software customer support engineer,OnePacs,,https://www.indeed.com/viewjob/clk?mo=r&ad=-6NYlbfkN0A7Blyb9Zr_s1Tm0suFlycu5GHtBKPhsgeHTKEDrpIaSrIgbWqn_7hlWXY5nWaRIXR5bXRtSCxcHXfnOAhXSy-Egy8x9RdDEYQSn4CqDgWtIYMectB_g8TpjCNqMQeG5KM8UiSQS-mrSEtuuJi3HEvijzMzFGo0L2-K1q_vufdHcpvjAMj6SRQeMdNK4PFSOxuSYX8YPDtLXrmwPnNe-17sQpVkuCaM-m52WAwxa66HhWSL3w6-nS7gVYXMKv1uATlARRiUoIE6R51X3RnMnG4IWwjJOMb8Jbv7EGaS7VMwEy7eK5L7ZV1qO4yy-zbLJju-DKA7VtPLmrwLMkwW_i2UK9GMfw5gMPBMkYz9SZixSFyfxn8fS54yEPZU9tEj-82NzIdrtCyJo9i4kSlQYo1_6NDq3JYDidh8Y4epAShTyV6gq9L0D8zNt6eH3rwm5e9Eiaeq44l4rdF_MK2CHx56yQOy5s8uzdY=&p=2&fvj=1&vjs=3
Entry Level - Software Developer,Smoothstack,,https://www.indeed.com/viewjob/clk?mo=r&ad=-6NYlbfkN0ChdE_-3s9UeG5xYsqO3th9AddXeBq2OieSfAM8evhI-PZ76-Buf7EcnCv0gKKLndR0YEV2kTxuAD_VKH6HEbZFGsVNkpiitjOp_daSiXpE3Pd_X3qe-bekUwRlgzVovAcCBt0z5yUU5xFBeE38vP8NN1cwM2zQW5_7-qCme8EqilFE-uUKlGIQgReMYltiGS04c7cUBd_CT1UNpNagjdK5GmumS_mMhqy8T9U0L-EPGlOC-JOgaht3qYxKpyks6a55s-SxL88AuWjWo8Ug5WgM2PkkBEh0Yb8a-Bn4FeGisKQX1RJF9hDPiIkzaQeufGSEByQvN4w0As8lz8Tuag0o5NkG7TLPLbi_-uY2BU6_PDlQhw5EHTNqPnjfX0nE25dIu6FgMfWxdSKNnBg4pWXEiYTb0O5DF-GR8L4zfPZyFKoIxEoos8pzPHYXB5_nJgKGkd4nk7wHdU3BQuCXi3D4yjKZNSU_wKM=&p=3&fvj=1&vjs=3
AR/VR Software Engineer,Aerotek,,https://www.indeed.com/viewjob/clk?mo=r&ad=-6NYlbfkN0ChYVx_I3yfZ_JDY3EFoivtqvi_stwnZ_kRt8Dowt_l_d1ydueao4NE-oUleRJ4yhi3I0q6Xjar0ESiP_oAOI5o5H1wJF129aFf3PlrIezl0kXloxuBLt2OfG672ayfUJ332E7IWnI0XDZ0T55Mi6kBE7IDeZtRjPR3TcbbnzB_deDtu957nRFqQgfltHHQy6gAuV4MG8ca4cEt5mziTPdTCfaAlXkdzUnmV8PNclLeiBhVsWlhfv8FR6W1viZzwIrkuVZk8y835sYO9Sy9Fz3rDKoJTA6GLpmORQhMurJQWiOJGQDFydHcdnVmQm0iQKgC-pqk-yqvtXvcU9zRjSUc5eMZMuh3x55XVFfXGZaXtXnO9-lsSzaM1Bu4oG5wnJSuU7n24M8m9EDiYsgZg-sK8JYnirqrn1nS4P9EFCdSygM7R7rat-AA_OclSmZrk47DPr90hybu5zqxQkcbb9H3EwolSu-TVTBgMd4u85KyltFNVxXg7rs5xpMKJHdvwE5O4ThI94GkvJvxnZFhMJbD6GNnpkul7j-l88MKB5PoC3Wawa6bbaLsZn8LIjBk7Fz_jc9Mrx3HwaaOcsT8hRYt_LR8ddPiFo53L6KBestZg5fTbx-uDei0ev93apxNTAvWS3XQleRyjOl5g3fFGkf7QPTAbEgCIOIsYBOtupgTEU5_4wLibvcIck8ukt1PPYYvwB2zjvO9z_i9GbpO2CbtTP9yS61NvV1rzMWwEMDj3bAss-vbYdnEYmoH3lHnOs9O1ZBFBfE7bsrnZ6jorbn7YckeCxbRXENSr0I-vswY9LM-UGzLQv_33Gy6qqXOb_KgJocI9BGSfLJ415MyEz8ZcHbGeUhuHzfxqw7DyRdFlRKkgxMQISV4lRLC18-2MoU3mZdECQWy6tshlRclKDe-xOsygOT7pSE=&p=4&fvj=0&vjs=3
"Software Engineer ( Oracle, PLSQL, Java API)",Fidelity TalentSource,,https://www.indeed.com/viewjob/clk?mo=r&ad=-6NYlbfkN0AoYXfdOe7El6-Ykny_IbMrQLc_ftZ75MJybi-dJXWXjpPOcRCXVAfLKVO1ncbGEEb_-sjZvkN1Hrbba948fWH1SGlsugPpsbjYExfLPgr8w1igJ1lYYBcRfnAJlk3HeriBPl2osOCm2yBQbmjQvRpn-yhOvOYU_tP-247dFyZ-B-Lxqc-4M-m5pKsdVEoWPvzf-pYHWdjY55-sBMQ6ByiuhyOj8GHFPNZPo3mHy0NbgUfFeWKbTqetx4xfiLfZf_5P79Z4WHoVOH-X6aFZKeHEckibjl-4qMwSRWvLU0iwfXsEmKndUG8LDqyvUqUVQpfssnRIHS_AwnIRxK7uH6ohvwMcbfcYjaIErrYnMbou6YQ3BQDsKIiS4WDDa0sJ1SHztf1ClLNdqfWIceQ443miyO6LxI1EAdb1qy4YNy1EhQf3qOnG9WzMBcXhnOUPqt00FEcMaRLTRb3lRLFpMPSsD-xwtcgzIn2IDPD-ijekRA==&p=5&fvj=0&vjs=3
embedded software engineer,Aerotek,,https://www.indeed.com/viewjob/clk?mo=r&ad=-6NYlbfkN0ChYVx_I3yfZ_JDY3EFoivtqvi_stwnZ_kRt8Dowt_l_d1ydueao4NE-oUleRJ4yhjHek-OJrvbrJ75f12FTJPdxOJjs-lwYRi19sYVZijXLu1s5lbF4ldG9e4Brp9OPWD_EagN0lkXuGxggl-_je8aKXnqFRzfJtpRA3ygaG33rs5vp1mrcHox6eDmEb2Qcl2sD4xfYW2XYxr_PTai-lmlt0f1YCa0x-XQ-R0bA8HYZnvkagJCs8gPwh0n4Tjf3ojQTyDdRcQu3Cpt4GzcUfmocOwlsf2ziil_3tuBJG3cn3DuqsVbLyPJ03yAfWieAehq5zyQ4mVDFscyiM7DCwAP9CaRe7d7W-rYeKRcj3CS5LBxgn214F7dj6i9NtiAd-31OdD74V1yJ-CiVWuBWyz7iUIbwn60YQr22eQ06e34syvOf13059nN3ZWbWQ0HLVpX1RgAfobbaUFF_aHR5UTX5w7LsAagOW-Gdb_CSlDqKoHfQcfStkAfenLc3W2FKwhZa7apxznldC1ptxuTbqwRzdzgKxHf7RpGnApVDNc4wre-i28XKR6WzAS1gjZ2V_IRzI2gzaYHw72kUcFuAmXDcGmOJy4Ohhz8UNVpmaAimKp8_KqEHGkA5JptBAbdq42ckkHzRowtWDVhOyxEt1Vmc3jWcOoyQQnmvEtocDgFJHCvPtS7KARQR9HezDnlqC4hd8ZK_7FjdbgkzrCPY5WkuEQq3BgxN6qFKgsNd-Tssh28L9rA-4uEvBhSYpr5k2Oopw1f_SClD6j4PKPs3nPYFdUHVpjp2Q3ZJT01KmsOqsbt7V4tQHRgskYbtnKjRZBjqTcDfv-8bl4RjwtoKVOUrhKCCquPqjkezg4RwXKBcisXZQPYER_IZ5gENKgd3MVPtAIdTp5eSRPfWiw2SjdzwIpYuwxzqiA=&p=6&fvj=0&vjs=3
Junior Software Engineer,CompostNow,"Raleigh, NC 27603",https://www.indeed.com/viewjob?jk=ea1bcbf6a51a39d9&fccid=7a37af649172b2bd&vjs=3
Jr. Embedded Engineer,Aerotek,,https://www.indeed.com/viewjob/clk?mo=r&ad=-6NYlbfkN0ChYVx_I3yfZ_JDY3EFoivtqvi_stwnZ_kRt8Dowt_l_d1ydueao4NE-oUleRJ4yhjI2D_qkNRpRAn3SiTsmQpCBIsi_t5t2qpw32IFpi1p8Lq2in2Vg70liEtRW9IFasqY0W_tUp_25j0iQvaP-f6tWHXOsdknt_a6P-u_0AV3Ba1bdCJZ5JQhotVaEK57G5J4SkYFsaTYvfN0RG2fw0QGG2dFy710V6fBX-bOquDRKBWuEf42WSmaCyBC2J6O4ZGXNq7wR_FlCnpTwWXPYwfBqSFj2h3k806RNKAti3X1qsMTkDdgzVcG6TyPPlPRTmttwrz5QPozFqk6LI3pS7ZzE5x42lSaZoBLdtStuonCCjzNzMKSQ52UDaT-XuXO4h6cu6iK30twrvkxwPB9emOI8W-CNEu6tX4n3h33Gv7ul-RkAQkee7Z_-xXSIrJ66CFE79Jab_1P0MXEqwavgnkuZOU75g76KjRNyGuZh2tJMqk6foyPC0HJamgyoOf9DM8dgVd5jEliCW0__lMKN5c1ThahsFYdv5I5xjq6p9Hgk9mQ3KCo3eDxV7K3CWgClLow8uKab9AmOr3-5aVQ7ohk3jPOXaRBuZ0L1qGLcRSlZi3pOXAfDJvX14sRmGMEEGKnKhwOmKvTlc0I6A0HAbU0W4KRglS1UCT-dNt8vC_dOjXj8bmh0yiz9dVD0EMaJbolBMyYHqZWJeGLIBWL2jT6tUtq2_beNW6i23WP0tne2uR_PNdWk8153Vcy76TSRofDAPvtHHZCeZCcqwgxiHMPU9X-3voiyfuga-Fclrmv6Q1xKIz-Fj7yQLWyg9-kB0CK2sGemRU14cmrmJEOXy0Iya1M9HreumPh9Prag6cGVYnxkvTYf1L4erf6JyqbZGGUTUZ6F75PcHoUdBBM3i4JBrADeSoQHzE=&p=8&fvj=0&vjs=3
Software Engineer,onDiem,,https://www.indeed.com/viewjob/clk?mo=r&ad=-6NYlbfkN0CIAP0okDEf8OO-yybPUVwOqhJBNDk_DASyecB34TlE1_Kl5oIBKa4NIinDGUTmM5VsdlFd54vpAhi8rPFlQdAVCqvZ8li-Y7mwdlm6iiX2Mgyss6BO2eOXarPM8P5y_Pjs_CNddq06u0BQBNS0_7cGvuj9lS_QVUjDx69WnV_F7U2MEfNL2rmoDTUFkO2fP_MNbA8ha7SasuYTSd-FuUF3Gha0KG-ctQTQU0-RsLzzM4xGeF6e67yN0xx0HPt_sShtV-0ekQxJPYJo8vtxVdNAOh_ffN5RbQvScfaxZ48tCvJNNQ79vndN8M3x1C6MaJJrrvBnNX_6_inWZcnXqGAqwUDqzX6Uxy9uL1dkPil_nKMngo-aRk9dtSy7Dof9L53HVn7yLNJFwGvG2GAvpzSwwrsA_t07LLYSQFwGBGbGwsk7H_6-o6S-FqrcTu26bFds81uVKie5Xw==&p=9&fvj=1&vjs=3
Dev Ops Engineer,Critical Design Associates Inc.,,https://www.indeed.com/viewjob/clk?mo=r&ad=-6NYlbfkN0B0nn8i1QmH0eTX1Ms3gIx2dtchaG2S966ZsHpTYJhDlZzc06cE47bnPJ2iZ-ejASr-eWQCMrvsaXvsbRUyTFAXILRaGdqrnaMCA4ixzu_N5z03s_XUqPmp9Borxzrc8gYIxA7BPeUhNKlg8Vx9ddwERB3tvcDtEyO45nC9ORIOlnXdt_d2NO1eg-alP7SeDGrgj5C4US25bv6qrGJoMFrTZ7s1ntT2pu67naL3KMiFb6--3501o4DpIxm-Bu_DvVHBb5oi7i6QlrZusIKQIJmQSn4Ws92g2PO46QABaqXMGKxoXJ3xfVtjgLQQBp87lwQXOxPAOsFINvhkekO8L0_6Gsjf7kIBWXGxY5XqVa5rJeUDsnvEyBH2sGOLj_xDl7G_k8gxBDNM5s4ghd0ehLdi8G1mRwZe_Uund040r0G0raSSt6uhkeZAoyzMZRNfWpLKzFXp0TPapg==&p=10&fvj=1&vjs=3
Video Game Software Tester,Eastridge Workforce Solutions,,https://www.indeed.com/viewjob/clk?mo=r&ad=-6NYlbfkN0DybkRSn_Q7CT62GnFN88VmimyaY7jaahKWndbXBXLMBYg-CZySol6ECxOSyGcVH5tByXUaQzbIT9aSRK2BqoisOcI2_WewW5a4cCCFoqt0S7cnKYTVPzf0ezXXkRnJD4Fl81kSsT0svX8DJe22Op9pErBCvFr2-5QHcbcq_37WPB9qxB2fOFW9p2Q6rpVixQquHFtdaARbUgJ3xYEBfEsTI4CS-cZLfvaujTPJZ60a7fjSvLH4wDe4RDfyOrBWir065D3bCr5Odo7CQ_3Mrag9LuTCi3C6c3Su869hpx4-awyQh7MWbIxA8_Y7sLzUC1o7vvhFRz3vFnYIiiL0Gaf0cg60QrzMWhevTVO52KstI9AhmDoWF7kg4s1fSUfBaiS5xs1PfAnbLevtJ6Npyw5UyrlaX4x6E8JYvmBCCX8GeuaoziStiGG1pH-RR1t0fW7lE3YUMluFg-SM4f-_rkHBkR-fKqg_XRtxjcB3TBtQezGiAF4NbdA8Fj1moG_n0MuHubuObsLDURg7Ee6P5AoTpJFaoOQCcrT9HoJ_4GgECX8aOFKTj-aeuTYpu2VKhpG02iNp86_0sw==&p=11&fvj=0&vjs=3
2020030 Software Engineer,John Deere,"Cary, NC 27513",https://www.indeed.com/viewjob?jk=a899cd98dcd8e8b6&fccid=38eb72d608d80c79&vjs=3
Associate Software Development Engineer,Charles Schwab Inc.,"Raleigh, NC 27601 (Central area)",https://www.indeed.com/viewjob?jk=8e5ee327b75dc09d&fccid=3c74eafe288fc8ca&vjs=3
Junior Software Developer,Southern Company,"Wake Forest, NC 27588",https://www.indeed.com/viewjob?jk=16e987405e5c6949&fccid=a062342ea4e0a858&vjs=3
Senior UX/UI/CRO Designer & Developer for Digital Optimization (100% Remote),Metabolic Living,"Raleigh, NC",https://stackoverflow.com/jobs/399051/senior-ux-ui-cro-designer-developer-for-digital-metabolic-living
React Developer,"Hays
                        via
Hays plc","Raleigh, NC",https://stackoverflow.com/jobs/368001/react-developer-hays
Front End Engineer,TRANZACT,"Raleigh, NC",https://stackoverflow.com/jobs/369683/front-end-engineer-tranzact
PHP Developer (JavaScript/HTML/and CSS),"Hays
                        via
Hays plc","Raleigh, NC",https://stackoverflow.com/jobs/373020/php-developer-javascript-html-and-css-hays
Principal Software Engineer,Surescripts LLC,"Raleigh, NC",https://stackoverflow.com/jobs/386827/principal-software-engineer-surescripts-llc
Full Stack Engineer working with Data Scientists,"Hays
                        via
Hays plc","Morrisville, NC",https://stackoverflow.com/jobs/363247/full-stack-engineer-working-with-data-scientists-hays
Platform Engineer - Python or Go,"Hays
                        via
Hays plc","Raleigh, NC",https://stackoverflow.com/jobs/363246/platform-engineer-python-or-go-hays
Infrastructure Engineer,IDS International,"Raleigh, NC",https://stackoverflow.com/jobs/360317/infrastructure-engineer-ids-international
Devops Engineer,A-Line Staffing Solutions,"Durham, NC",https://stackoverflow.com/jobs/285260/devops-engineer-a-line-staffing-solutions
Senior Web Development ISO,"Hays
                        via
Hays plc","Raleigh, NC",https://stackoverflow.com/jobs/392597/senior-web-development-iso-hays
Senior Web Development ISO,"Hays
                        via
Hays plc","Raleigh, NC",https://stackoverflow.com/jobs/398107/senior-web-development-iso-hays
Site Reliability Engineer SRE,"Hays
                        via
Hays plc","Raleigh, NC",https://stackoverflow.com/jobs/363232/site-reliability-engineer-sre-hays
Sr Full Stack Systems Architect (Angular/Vue.js/React),"Hays
                        via
Hays plc","Raleigh, NC",https://stackoverflow.com/jobs/373017/sr-full-stack-systems-architect-angular-vuejs-hays
