Software Engineer (Java),Veritude,"Durham, NC",https://job-openings.monster.com/software-engineer-java-durham-nc-us-veritude/c8a6b56a-b0a0-418a-99ac-434ec06eba88
Software Engineer - Node JS,Piper Companies,"Durham, NC",https://job-openings.monster.com/software-engineer-node-js-durham-nc-us-piper-companies/205579369
Cloud Software Engineer,Zachary Piper LLC,"Morrisville, NC",https://job-openings.monster.com/cloud-software-engineer-morrisville-nc-us-zachary-piper-llc/215017847
"Sr. Software Engineer (Full Stack) - .NET Core, C#, Angular",CyberCoders,"Cary, NC",https://job-openings.monster.com/sr-software-engineer-full-stack-net-core-c-angular-cary-nc-us-cybercoders/215018694
Java Developer with Big Data technologies,Synechron,"Charlotte, NC",https://job-openings.monster.com/java-developer-with-big-data-technologies-charlotte-nc-us-synechron/212484407
Principal Software Engineer,Apex Systems,"Durham, NC",https://job-openings.monster.com/principal-software-engineer-durham-nc-us-apex-systems/214762627
Senior Software Development Engineer,Genesis10,"Charlotte, NC",https://job-openings.monster.com/senior-software-development-engineer-charlotte-nc-us-genesis10/214741058
Java Software Engineer,Eliassen Group,"Durham, NC",https://job-openings.monster.com/java-software-engineer-durham-nc-us-eliassen-group/215025754
Software Engineer (Node),Brooksource,"Cary, NC",https://job-openings.monster.com/software-engineer-node-cary-nc-us-brooksource/215003866
Senior Software Engineer,Inceed,"Raleigh, NC",https://job-openings.monster.com/senior-software-engineer-raleigh-nc-us-inceed/214925415
QA Tester- Software Engineer,American Cybersystems,"Newport News, VA",https://job-openings.monster.com/qa-tester-software-engineer-newport-news-va-us-american-cybersystems/215009750
Sr. Software Engineer,Idexcel,"Durham, NC",https://job-openings.monster.com/sr-software-engineer-durham-nc-us-idexcel/214853607
Sr. Software Engineer - Salesforce Mobile Integration,APC,"Raleigh, NC",https://job-openings.monster.com/sr-software-engineer-salesforce-mobile-integration-raleigh-nc-us-apc/214645052
Software Engineer - Multi-disciplinary - II,The Judge Group,"Morrisville, NC",https://job-openings.monster.com/software-engineer-multi-disciplinary-ii-morrisville-nc-us-the-judge-group/214793534
Software Engineer,Esha Corporation,"Mooresville, NC",https://job-openings.monster.com/software-engineer-mooresville-nc-us-esha-corporation/214685538
Cloud Engineer,Mindteck (India) Limited,"Durham, NC",https://job-openings.monster.com/cloud-engineer-durham-nc-us-mindteck-india-limited/215000024
Sr. Java Developer - Microservices,Atyeti Inc,"Raleigh, NC",https://job-openings.monster.com/sr-java-developer-microservices-raleigh-nc-us-atyeti-inc/213525319
Java Software Engineers (Spring Boot/React/AWS),Reperio Human Capital,"Raleigh, NC",https://job-openings.monster.com/java-software-engineers-spring-boot-react-aws-raleigh-nc-us-reperio-human-capital/214600207
Senior core Java Developer,Job Juncture,"Charlotte, NC",https://job-openings.monster.com/senior-core-java-developer-charlotte-nc-us-job-juncture/215023714
"AI Developer (Java /GO/ Python/ Swift / C/C++) -Charlotte,NC",Digital Technology Solutions,"Charlotte, NC",https://job-openings.monster.com/ai-developer-java-go-python-swift-c-c-charlotte-nc-charlotte-nc-us-digital-technology-solutions/215014235
Java Developer,Advantage Resourcing,"Charlotte, NC",https://job-openings.monster.com/java-developer-charlotte-nc-us-advantage-resourcing/214992532
Sr. Python Developer with Docker Exp,Tech Mahindra Limited,"Durham, NC",https://job-openings.monster.com/sr-python-developer-with-docker-exp-durham-nc-us-tech-mahindra-limited/214959164
Core Java Developer,Han IT Staffing Corporation,"Charlotte, NC",https://job-openings.monster.com/core-java-developer-charlotte-nc-us-han-it-staffing-corporation/214960141
Java Developer,Mobile Programming,"Raleigh, NC",https://job-openings.monster.com/java-developer-raleigh-nc-us-mobile-programming/214928388
Java Developer,Yoh,"Charlotte, NC",https://job-openings.monster.com/java-developer-charlotte-nc-us-yoh/214897582
Full Stack Java Engineer,Cognizant,"Charlotte, NC",https://job-openings.monster.com/full-stack-java-engineer-charlotte-nc-us-cognizant/214859202
Software Developer,Seen by Indeed,,https://www.indeed.com/viewjob/clk?mo=r&ad=-6NYlbfkN0DhVAxkc_TxySVbUOs6bxWYWOfhmDTNcVTjFFBAY1FXZz6G2ZVf9e4Mh4Gz23ArWPMev3n1sHKxeYSltWzc9aVGP-KdkYoBWwors23yOXYXTW_9pglLq3b7y7TxVmvG0fd1mF9cgl-CA2gF2g-Sf7OH86fdQ3c_sNkCD-egulnCbBCLWcDHCPn7IjhhmdQ0WSNP__4t_smN5YS5dbanpwZUAUygqYWeI7WWnJsN8SR_1OjC1Wbg2vd_DVOmqSpsrALNLADbHGZWbCUnZiXT-3MChcIeGvQuAXRNoawMTmMX6AHZ8g1TQBYI49cu7iEGsLjKi4CGNoY-VYLhisqVh9tSX9Pmaa7KP2aFhcuMg0YUEiDLrPPBeYH70GWypPSF0hiC--T5S1C822x8TnasdTTJKH2IFetxIlO-Ysk8jz_nTYO-mf-QT_7aNTM3l97Pd14DOP3WSZDRkh1ubPUFWT3_k7p5iz-d3YgBlkulSm46uGZ8UdpbBcWmsWwr02OS8oS8cDIhCQTskhfYGHz7opgYHgUtLb7sQJS7aGwjLZsu8NsI3sGY6OsKihYu-Os0IdW-KqvmagOsrJd9D1_t8j13OptcevKLU9fO3cA8HnPb1uiH1SQtcVf67BqH8RqQ89_-ZLu9-luBh2ii558_-zhArShYmQ0RTAbdN2-pyeFp6A==&p=0&fvj=1&vjs=3
Python Developer,Seen by Indeed,,https://www.indeed.com/viewjob/clk?mo=r&ad=-6NYlbfkN0DhVAxkc_TxySVbUOs6bxWYWOfhmDTNcVTjFFBAY1FXZz6G2ZVf9e4MVzAfKkjGsDbGs6_6jOZlApteutb0m4WFsxqk-E2A0WQes3921OQIskxI1BE_STGwFgyz_9HJES7gjBZ8hiZaSLP22JbVubkzI-p0XDMpAtZCoW65raN_esNZAWQAMXtzpj0gRPZUUZQpwOq8cOKqjocA5vknCl4piA-ayv2dYqai3s4-6U0Cj3gIj2YmITpeZfD92Qj6s4dytWfemnWRDrQrb6ZwkpGBHepzqQAfNxb2gvprQqBOB_q94v_6qK6qua9_yqKITcLvJKMfM4-nariV-BfXcmTVzpFW6k-FFbXgT4ubvHh5GLRLhClwYc88TC436_hY3hp3S5U1aGvLVS7jfosy94k2CYVVX9pg3oDy5fmEg7xtbHRlTtve7JvIlEqZOfEEQMFVRgatJbhH5b0fc5DZeI02hdZ81bM0k1NVdjDClNZ2r3lVIZZAlEPwBaOdzEPNed4dHHz1cQ5JFxXLy5jM3oAJ863EibH7h-tOJ-I5LSm3WSZ0EyU9pOO9BDMwJP0Jv1q92tZXCE5AlS1WGy32Pk6MisxIiBTDWhSS-Xr6z8DOO-Eb_GQPzX1KHojzZGQYmupPT8qPG-NdhA==&p=1&fvj=1&vjs=3
C++ JavaScript developer,FulfillTeam,,https://www.indeed.com/viewjob/clk?mo=r&ad=-6NYlbfkN0BfIQYuIlFPJvCnPBPfsjtoOKkm6zQOy3MTdZ7WA9rSinzkt5GqabLNyVjZejcFxGtbMmyHFK72L-VahkpBVZZQe2i_uXgVdqkJgsFvYjG6FseuSNjeMQbG5kQvY55egbeM7y1PEr3V8zZFL7_nhRv3wpmiH4XC3M5xM20vjlzGOTLDg-TPorVU4eY9ptQ0mCKyT58VKvxXlpmK5A9hjLoOHJfF-ZovO33aq8LGRnuzedI_YbrnL9-XNnbJ7r_HEntspnAs3_gevv__ph5kzfyKJibzw1usMyq5kc9MTkBNRTmXQP4e2wR3PoWyYM1PJF_WHHaIOrkYqjX1daUycwwCWQH_tC3cwb5Fd3GH2h5RRsJ7Jn4kpX7YqPoN3k7UPmvOFHIMgtwDqnR32n5RHTth4tuHBi7TMqFLV0dDAqd4Ypt580R3NpJpBPgXo8m6sZ0=&p=2&fvj=0&vjs=3
React.js Developer,Seen by Indeed,,https://www.indeed.com/viewjob/clk?mo=r&ad=-6NYlbfkN0DhVAxkc_TxySVbUOs6bxWYWOfhmDTNcVTjFFBAY1FXZz6G2ZVf9e4Mo1HIBKHUBDE465QLAoHH58LLLUkOq2nowAThM4GOBiw7FOz7vhLmY1WeQbgjIznX6foIPz5vOBtykI8cv1TH7cx8j1p1DYUqb5SwNZLvQcQEF6ZfV7HU6ch2enRno7_Nhgwrhr_zuTI7PUYEKFEjcF10mgORKKIIMmvvBYm-AlE2qtMJ6akDhi3PA80LweIg9EsXZXCKBKlKlEoi6PxTgLNtAuQ4O-ziM-jl9iaGqPJhIm48B_dsFZJ5ol4PBT8RbSEifJXWy2CKBXQcLOTdq97-X3LJCwt1Fz98QrG81coan5NAwMjNC0VWP16VZyasA6fgqDNmNsbxqtyn-Fl2cdH4ZvL3x0cwxckoO4z6YK2esSe_yhod7trm6CfAGwmKtmf2kXMTdhz6VzFloG3xNEljHQyXIGoO47WDN80Yi_FedgoStQi-h56gmmp1VUGVngF4SieHQ3tBtv48jDoYTMgRvYsTX3Af0QjphwhRDwudLt1juKE4SjatcaOyB90xT1sjLWFe99ysJNeJfmjkLZpZSbhDjB8X4meHvuRDJekC0VmLC6lQ1iKaxxnfVAQ_-V3mpuZJqF0bnDqnap7dup90ckoA-DqQ&p=3&fvj=1&vjs=3
Java Developer,Seen by Indeed,,https://www.indeed.com/viewjob/clk?mo=r&ad=-6NYlbfkN0DhVAxkc_TxySVbUOs6bxWYWOfhmDTNcVTjFFBAY1FXZz6G2ZVf9e4MjMSbpXjdt92w4PbocmVo2vaBm9zzGauaFYCdTc53EUmtRG56Ipht3rwh_edbBAihTydh4Y9u-6JI1wbvQPz0XfZMlQAhmqyXEMYpepHZzsOlCq9K7i_nGqzDAdyCBKp53D8vSSQ5salXez-f_hLWZgue4J8bauzddOkb8bTVV-5ocLeV1JfdyDX0ny8320BGCi4v3QWN5wEgvKPS0H5bfFrLEL48lmvJrsibU2sxw64dpKh7Lvg_cMrA6Xv03y7yzjRl5zNX8MmUnkUyi1bQrolRABeutOonJBcKJOga_ug0sAo35v8WJWJYJxhsbMckxqbcbB0in9NuQctNp0Ay0ILbmye31M0EzX9nslG0G5LQerlBZK6IlCy9qkGIBsBY5RvUOQjdXQBFcSp_uVxgNk-1hZkr66ubfQcyIcFVlFdQbvsVENeK__HQ8D5qBu1SXC5ogr0eke4raCHnygh-EzYjFVWnkRSejH4DMJjfwcp5ppupZqbxLT2dh9KgvEbeM8wg3rwS0H6SsvjZ9XHLB3gY0RWdE_m00wBeDX8LpG74LVgqxQSzFA==&p=4&fvj=1&vjs=3
Javascript Developer,Seen by Indeed,,https://www.indeed.com/viewjob/clk?mo=r&ad=-6NYlbfkN0DhVAxkc_TxySVbUOs6bxWYWOfhmDTNcVTjFFBAY1FXZz6G2ZVf9e4M5Ap6MP1ppEIla0QS9kvPS3mQlqm5jcKMvGNQ2zgsJnG3my7KZdfRCRIlw4wzghu4HPmT9fckzvy-c9uJ9Xsf-RHdsdpUdTbYdI1PXORiyJfJnYWrsT-43JNJkuInXkR67m8mXa0-NHzkt30JTnMNCEE7mRs968POCs3PEnRnLmBnaN6J6s2wdjsr-qA6a33tpN4EyuMSR-v0X_eSqesjSuTyjM4NvDXv4hPtj_f5IgHRKYZSdSM5J75Aiaiy3TemFe4DN6mc5v1_emKPFbA5y1KFmPEsjmSN-7NOXSr1fz0YUgOfvRB8GJYrgYDzG78lojIMiBYDKoDi-W0F2vA9WqEhbbM_XaAiE3clbcLYVjRjZuTRqgiS_v9gz5gkqRcZmF_wTe79GFbc-M5cUrEzsNZWk2yJJUxCilXwQpg18t2ohbxAyBaw5FSeUtHJtHeEZW9EWk3-ATeJv8x6i-pj5mHuhJEtOUlstKMzIB9_vy9q62DRW62HjmQa6lVa7UuK40QQd6sXBlH_2ONa7rDYin_0uAUIJxXtjFMw9OkGDYvfPK5W7gUQX2N02agDwIzCSO8gizStpTToHCQ2gfb_13AX5PGVic6e&p=5&fvj=1&vjs=3
C# Developer,Seen by Indeed,,https://www.indeed.com/viewjob/clk?mo=r&ad=-6NYlbfkN0DhVAxkc_TxySVbUOs6bxWYWOfhmDTNcVTjFFBAY1FXZz6G2ZVf9e4MPxwPx2cI99gtRU0RnLdqBExwtROMziFtxI6Vk-ZAtDmWRcLWEgR0H8EQgeQX7MPWXiuAklgh-WgnNjIFSLuBviH6ESvz16tqy2CXVknhOzsCDyKyVRoTByhpZomkUvim1yuSpi0z0HPtXiMoPNsJyzaf6nvSPGpg8gdo_AG2rHtqODlTn4ZEMQwwmNslIOdMUZHU6dYTqsyMu27Yt7h_3UT2WZglpTtIH81qVpwbi_sjbqFjX4LOz5-dirPU2tFVagu3NRO5DE4lsoHIE_StpFp8MqLQdsB0Xy57Frg_c7NdfOYEk15obyumzmAmRxKlMCKBsXtNgvILhqybpkUUkViZtbW3hWnYK8hwdVMx1XLzdkP8oC8getl0VIkoX4pq3ocF3SmDhIZDPDo3nZsns_n50gS3ASl1ZkSFFKIgKSDQYEFIp92zcJdMlK_IpY8aJIXjFxal62pTYZWe6nygY1ACR4jsBl_BSotQgzKF6-YZ0uP4rER-WeTT4PXlxqC1dnYifheHqx4nKoNG1CAb4bfg0JwrKyPzPVjRN1orLnp1v69FNdJS3Q==&p=6&fvj=1&vjs=3
SOFTWARE ENGINEER,HCL Americas,North Carolina,https://www.indeed.com/viewjob?jk=ab6e5350b8fc0c94&fccid=33fac48d55359688&vjs=3
Software Engineer I,RELX Group,"Raleigh, NC",https://www.indeed.com/viewjob?jk=eafb44624afce1ec&fccid=06206ab329e0eb22&vjs=3
Software Engineer(Entry Level),HCL America Inc,"Cary, NC 27518",https://www.indeed.com/viewjoby/HCL-Americas/jobs/Software-Engineer-4351b83139525add?fccid=33fac48d55359688&vjs=3
Junior Developer,HCL Americas,North Carolina,https://www.indeed.com/viewjob?jk=7b45f857f1232b1e&fccid=33fac48d55359688&vjs=3
Software Application Engineer,Segula Technologies,"Greensboro, NC 27409","https://www.indeed.com/viewjoby/Segula-Technologies,-USA/jobs/Software-Application-Engineer-e94009f07d407b75?fccid=d025f7ad0180220b&vjs=3"
Entry Level Software Engineer,BAE Systems,"Durham, NC 27703",https://www.indeed.com/viewjob?jk=f050c975d2a4a968&fccid=200a825acadb9338&vjs=3
Software Engineer,Eaton,"Raleigh, NC 27616 (Northeast Raleigh area)",https://www.indeed.com/viewjob?jk=a2b0dc7e0da798b2&fccid=87f38351bd29de24&vjs=3
Software Engineer I,"Toshiba Global Commerce Solutions, Inc.","Durham, NC",https://www.indeed.com/viewjob?jk=732bb538a5ad5b8f&fccid=3221a0a36b40fb9f&vjs=3
Contract jobs Quality/Validation/Systems/Software/Risk Engin...,Systems Ally,"Raleigh, NC",https://www.indeed.com/viewjoby/Systems-Ally/jobs/Contract-Quality-Validation-System-Software-Risk-Engineer-Regulatory-8567614b8f708f9c?fccid=1dfcb062996c0b53&vjs=3
Intern - Software Engineer (Fall 2020),Plexus,"Raleigh, NC 27606 (Southwest Raleigh area)",https://www.indeed.com/viewjob?jk=11d5635ada3ce472&fccid=f46d2a22e8c08ae8&vjs=3
Entry Level and Junior Software Engineers - 1/21 Hiring Even...,SkillStorm,,https://www.indeed.com/viewjob/clk?mo=r&ad=-6NYlbfkN0Akpfp8SSZMfZN38QizqqtbOT4j-2RsCLW69coMAbJ8KUuunuVCUHbfAVvtPr9Q59CXcaiBJsYUbgr14cmqAbr7hpFDAJPpRfAr2dosfW3WKR_XFRMXG7z5jzBpJdwHqxXNbVHUs6QWT8ck5VF_Fx724419J_SrMsAW8ZB79iwJuIM3RRsmSxGbUpoMc2Mk3QcvBW8g1zIOiF_w5liLfAUuDTyxNwaCIg_OZ1S61LV5jfeh03wIESvfdjQxlsIGaMrGpyS6y3Uv9bzsnXkqs5_xcPhERTmC2dQlkbREXStVYi6s18adu9DSdWmnSBv1Q5foC0UcTDND8CfIfvo1P3i9ygP5k8JE6EE0HNAjPEL6vu_Gyl_X-sdv1WRNQTQ2ddp3e4RxMu-7JMmhRUt4YS9fmiouWh57ipyZtV_NWzRHm3chfBj2_8Hd9-guBPG1_VFyIlOV-2sFKRHyiJWjcOFmvowZJpm9JUYwL_scsfivLqEa4X8G19o3XF6dC6OYiaXUV9nhH98kEw==&p=17&fvj=1&vjs=3
Software Developer,FulfillTeam,,https://www.indeed.com/viewjob/clk?mo=r&ad=-6NYlbfkN0BfIQYuIlFPJvCnPBPfsjtoOKkm6zQOy3MTdZ7WA9rSinzkt5GqabLNyVjZejcFxGtbMmyHFK72L-jg7_sTsVgp3NOBC-CtvEWoQ_O9toKGBfglgvM_bkY7-ak23OaCJW01b9NJDzlAIgz6tYr3AEBY-SmcngjQjS6i51TTfN2sMR1Bcqyi4_0fqcpH79em3oC81SJXAgGNzPECG--I7WZ_ynHOGxvabexND3-Wg8D5WCZU0murhfzzR551ug7FhZudYfqyXulKqwz0nNgAFqOgjbGk2PqsLga7mp5319ywZyau1zNLUd-TSxppRFfSIHyhnbUsCxuJu8knSxiCgiNQ07v40PC_g5C3rpzn6zvRWNUeSPldBU4-AGvLL1VcEOafK-t-KZb3FrqWzWklEH1kMx1rLJt54UUqLJ5xf2EADN9UZrVMnuzI0g2QDloqmfk=&p=18&fvj=0&vjs=3
Senior Software Engineer (C#/.Net),"Jack Henry & Associates, Inc.®","Charlotte, NC",https://stackoverflow.com/jobs/305092/senior-software-engineer-c-sharp-net-jack-henry-associates-inc
Software Engineer - Mobile Application Developer (React Native/ ReactJS),Spiffy,"Durham, NC",https://stackoverflow.com/jobs/339601/software-engineer-mobile-application-developer-spiffy
Sr. Software Engineer - JavaScript,K4Connect,"Raleigh, NC",https://stackoverflow.com/jobs/333436/sr-software-engineer-javascript-k4connect
PHP Developer,"Frenik Marketing
                        via
TechCXO","Norcross, GA",https://stackoverflow.com/jobs/348983/php-developer-frenik-marketing
Web Application Developer,Jvion,"Duluth, GA",https://stackoverflow.com/jobs/294901/web-application-developer-jvion
Senior .Net Developer,Integra Connect,"Alpharetta, GA",https://stackoverflow.com/jobs/276385/senior-net-developer-integra-connect
Wordpress/PHP Engineer,Sharp Notions LLC,"Charlotte, NC",https://stackoverflow.com/jobs/283830/wordpress-php-engineer-sharp-notions-llc
Fullstack Developer,"Health Insurance Innovations
                        via
JP Media","Suwanee, GA",https://stackoverflow.com/jobs/297653/fullstack-developer-health-insurance-innovations
Cyber Software Engineer,"Boston Government Services, LLC","Oak Ridge, TN",https://stackoverflow.com/jobs/347005/cyber-software-engineer-boston-government-services
Senior Software Engineer - Full Stack,States Title,"Durham, NC",https://stackoverflow.com/jobs/293709/senior-software-engineer-full-stack-states-title
Senior Software Engineer,"Servosity, Inc.","Greenville, SC",https://stackoverflow.com/jobs/339566/senior-software-engineer-servosity-inc
Mid to Senior JAVA Developer,"Doran Jones, Inc.","Charlotte, NC",https://stackoverflow.com/jobs/308519/mid-to-senior-java-developer-doran-jones-inc
Cyber Software Engineer,"Boston Government Services, LLC","Greenville, SC",https://stackoverflow.com/jobs/346421/cyber-software-engineer-boston-government-services
Full Stack .NET Software Engineer,Quoin Inc,"Davidson, NC",https://stackoverflow.com/jobs/330761/full-stack-net-software-engineer-quoin-inc
"Senior Java Engineer - Consult with great companies, technologies and solutions",Pinnacle Solutions Group,"Charlotte, NC",https://stackoverflow.com/jobs/197952/senior-java-engineer-consult-with-great-pinnacle-solutions-group
"Integrations Software Engineer (Salesforce, Netsuite, SAP)",Map My Customers,"Raleigh, NC",https://stackoverflow.com/jobs/259616/integrations-software-engineer-salesforce-map-my-customers
Software Engineer - Cloud,K4Connect,"Raleigh, NC",https://stackoverflow.com/jobs/335058/software-engineer-cloud-k4connect
Developer III,Atlantic Casualty Insurance Company,"Raleigh, NC",https://stackoverflow.com/jobs/296943/developer-iii-atlantic-casualty-insurance
Software Engineer,Quantworks,"Carrboro, NC",https://stackoverflow.com/jobs/287273/software-engineer-quantworks
Software Engineer C#,Sage,"Lawrenceville, GA",https://stackoverflow.com/jobs/272670/software-engineer-c-sharp-sage
Senior .Net Developer,Advanced Automation Consulting,"Columbia, SC",https://stackoverflow.com/jobs/329124/senior-net-developer-advanced-automation-consulting
"Cyber Engineer, CNO",Raytheon CODEX (Cyber Offensive & Defensive Experts),"Greenville, SC",https://stackoverflow.com/jobs/287843/cyber-engineer-cno-raytheon-codex-cyber
"Platform Software Engineer (Remote, USA)",Research Square,"Durham, NC",https://stackoverflow.com/jobs/341170/platform-software-engineer-remote-usa-research-square
Backend Developer,commercetools  (Durham NC),"Durham, NC",https://stackoverflow.com/jobs/343971/backend-developer-commercetools-durham-nc
React.js Developer,Sharp Notions LLC,"Charlotte, NC",https://stackoverflow.com/jobs/283914/reactjs-developer-sharp-notions-llc
